{
  "fx": 590.7645254495111,
  "fy": 586.5565106926155,
  "cx": 340.14099714874123,
  "cy": 258.70943569048126,
  "distortion_coefficients": {
    "k1": 0.0328681356287117,
    "k2": 0.524469647849171,
    "p1": 0.005684410350657985,
    "p2": 0.002797000433434767,
    "k3": -1.8319890984273242
  },
  "camera_matrix": [
    [
      590.7645254495111,
      0.0,
      340.14099714874123
    ],
    [
      0.0,
      586.5565106926155,
      258.70943569048126
    ],
    [
      0.0,
      0.0,
      1.0
    ]
  ],
  "distortion_coefficients_array": [
    [
      0.0328681356287117,
      0.524469647849171,
      0.005684410350657985,
      0.002797000433434767,
      -1.8319890984273242
    ]
  ],
  "image_size": {
    "width": 640,
    "height": 480
  },
  "calibration_info": {
    "method": "OpenCV calibrateCamera",
    "reprojection_error": "See pixel_error_analysis.png",
    "note": "Generated from hand-eye calibration"
  }
}